<?xml version="1.0" encoding="UTF-8"?>
<project xmlns="http://www.netbeans.org/ns/project/1">
    <type>com.microchip.mplab.nbide.embedded.makeproject</type>
    <configuration>
        <data xmlns="http://www.netbeans.org/ns/make-project/1">
            <name>USB_Device_-_CDC_-_Basic_-_PIC18F455x</name>
            <make-project-type>0</make-project-type>
            <c-extensions>c</c-extensions>
            <cpp-extensions/>
            <header-extensions>h</header-extensions>
            <sourceEncoding>UTF-8</sourceEncoding>
            <asminc-extensions/>
            <make-dep-projects/>
            <sourceRootList>
                <sourceRootElem>../boards</sourceRootElem>
                <sourceRootElem>../app_config</sourceRootElem>
                <sourceRootElem>../../../../../../bsp</sourceRootElem>
                <sourceRootElem>../../../hid_mouse/firmware/src</sourceRootElem>
                <sourceRootElem>../src</sourceRootElem>
                <sourceRootElem>../../../../../../framework/usb</sourceRootElem>
            </sourceRootList>
            <confList>
                <confElem>
                    <name>LPCUSBDK_16F1459</name>
                    <type>2</type>
                </confElem>
                <confElem>
                    <name>LPCUSBDK_18F14K50</name>
                    <type>2</type>
                </confElem>
                <confElem>
                    <name>PIC18F46J50_PIM</name>
                    <type>2</type>
                </confElem>
                <confElem>
                    <name>PIC18F47J53_PIM</name>
                    <type>2</type>
                </confElem>
                <confElem>
                    <name>PIC18F87J50_PIM</name>
                    <type>2</type>
                </confElem>
                <confElem>
                    <name>PIC18F87J94_PIM</name>
                    <type>2</type>
                </confElem>
                <confElem>
                    <name>PIC18F97J94_PIM</name>
                    <type>2</type>
                </confElem>
                <confElem>
                    <name>PIC18F_Starter_Kit_1</name>
                    <type>2</type>
                </confElem>
                <confElem>
                    <name>PICDEM_FSUSB</name>
                    <type>2</type>
                </confElem>
                <confElem>
                    <name>PICDEM_FSUSB_K50</name>
                    <type>2</type>
                </confElem>
                <confElem>
                    <name>PIC24FJ64GB004_PIM</name>
                    <type>2</type>
                </confElem>
                <confElem>
                    <name>PIC24FJ128GB204_PIM</name>
                    <type>2</type>
                </confElem>
                <confElem>
                    <name>PIC24FJ256GB110_PIM</name>
                    <type>2</type>
                </confElem>
                <confElem>
                    <name>PIC24FJ256GB210_PIM</name>
                    <type>2</type>
                </confElem>
                <confElem>
                    <name>PIC24FJ256GB410_PIM</name>
                    <type>2</type>
                </confElem>
                <confElem>
                    <name>PIC24EP512GU810_PIM</name>
                    <type>2</type>
                </confElem>
                <confElem>
                    <name>PIC24FJ256DA210_DEV_BOARD</name>
                    <type>2</type>
                </confElem>
                <confElem>
                    <name>PIC24F_Starter_Kit_1</name>
                    <type>2</type>
                </confElem>
                <confElem>
                    <name>PIC24F_Analog_Starter_Kit_1</name>
                    <type>2</type>
                </confElem>
                <confElem>
                    <name>PIC24E_USB_Starter_Kit_1</name>
                    <type>2</type>
                </confElem>
                <confElem>
                    <name>dsPIC33EP512MU810_PIM</name>
                    <type>2</type>
                </confElem>
                <confElem>
                    <name>dsPIC33E_USB_Starter_Kit_1</name>
                    <type>2</type>
                </confElem>
            </confList>
            <formatting>
                <project-formatting-style>false</project-formatting-style>
            </formatting>
        </data>
    </configuration>
</project>
